{"animations":{"die":{"endFrame":8,"frameDuration":0.11999999731779099,"startFrame":8},"fall":{"endFrame":6,"frameDuration":0.11999999731779099,"startFrame":6},"go_inside":{"endFrame":44,"frameDuration":0.10000000149011612,"startFrame":40},"hurt":{"endFrame":10,"frameDuration":0.11999999731779099,"startFrame":9},"idle":{"endFrame":0,"frameDuration":0.10000000149011612,"startFrame":0},"idle_awkward":{"endFrame":51,"frameDuration":0.10000000149011612,"startFrame":51},"idle_sad":{"endFrame":15,"frameDuration":0.47999998927116394,"startFrame":15},"inspect":{"endFrame":1,"frameDuration":0.10000000149011612,"startFrame":1},"jump":{"endFrame":7,"frameDuration":0.11999999731779099,"startFrame":7},"ladder":{"endFrame":46,"frameDuration":0.10000000149011612,"startFrame":45},"ladder_idle":{"endFrame":47,"frameDuration":0.10000000149011612,"startFrame":47},"on_edge":{"endFrame":3,"frameDuration":0.30000001192092896,"startFrame":2},"open_book":{"endFrame":55,"frameDuration":0.11999999731779099,"startFrame":52},"reading":{"endFrame":48,"frameDuration":0.10000000149011612,"startFrame":48},"reading_sleep":{"endFrame":50,"frameDuration":0.10000000149011612,"startFrame":50},"reading_sleepy":{"endFrame":49,"frameDuration":0.10000000149011612,"startFrame":49},"run":{"endFrame":5,"frameDuration":0.11999999731779099,"startFrame":4},"shoot_fall.down":{"endFrame":37,"frameDuration":0.11999999731779099,"startFrame":37},"shoot_fall.side":{"endFrame":21,"frameDuration":0.47999998927116394,"startFrame":21},"shoot_fall.up":{"endFrame":29,"frameDuration":0.11999999731779099,"startFrame":29},"shoot_idle.down":{"endFrame":32,"frameDuration":0.11999999731779099,"startFrame":32},"shoot_idle.side":{"endFrame":16,"frameDuration":0.47999998927116394,"startFrame":16},"shoot_idle.up":{"endFrame":24,"frameDuration":0.11999999731779099,"startFrame":24},"shoot_jump.down":{"endFrame":33,"frameDuration":0.11999999731779099,"startFrame":33},"shoot_jump.side":{"endFrame":17,"frameDuration":0.47999998927116394,"startFrame":17},"shoot_jump.up":{"endFrame":25,"frameDuration":0.11999999731779099,"startFrame":25},"shoot_ladder.down":{"endFrame":36,"frameDuration":0.10000000149011612,"startFrame":35},"shoot_ladder.side":{"endFrame":20,"frameDuration":0.10000000149011612,"startFrame":19},"shoot_ladder.up":{"endFrame":28,"frameDuration":0.10000000149011612,"startFrame":27},"shoot_ladder_idle.down":{"endFrame":34,"frameDuration":0.11999999731779099,"startFrame":34},"shoot_ladder_idle.side":{"endFrame":18,"frameDuration":0.47999998927116394,"startFrame":18},"shoot_ladder_idle.up":{"endFrame":26,"frameDuration":0.11999999731779099,"startFrame":26},"shoot_run.down":{"endFrame":39,"frameDuration":0.11999999731779099,"startFrame":38},"shoot_run.side":{"endFrame":23,"frameDuration":0.11999999731779099,"startFrame":22},"shoot_run.up":{"endFrame":31,"frameDuration":0.11999999731779099,"startFrame":30},"sleep.left":{"endFrame":14,"frameDuration":0.47999998927116394,"startFrame":13},"sleep.right":{"endFrame":12,"frameDuration":0.47999998927116394,"startFrame":11}},"spriteSheet":{"frames":[[0,0,16,16],[16,0,16,16],[32,0,16,16],[48,0,16,16],[64,0,16,16],[80,0,16,16],[96,0,16,16],[112,0,16,16],[0,16,16,16],[16,16,16,16],[32,16,16,16],[48,16,16,16],[64,16,16,16],[80,16,16,16],[96,16,16,16],[112,16,16,16],[0,32,16,16],[16,32,16,16],[32,32,16,16],[48,32,16,16],[64,32,16,16],[80,32,16,16],[96,32,16,16],[112,32,16,16],[0,48,16,16],[16,48,16,16],[32,48,16,16],[48,48,16,16],[64,48,16,16],[80,48,16,16],[96,48,16,16],[112,48,16,16],[0,64,16,16],[16,64,16,16],[32,64,16,16],[48,64,16,16],[64,64,16,16],[80,64,16,16],[96,64,16,16],[112,64,16,16],[0,80,16,16],[16,80,16,16],[32,80,16,16],[48,80,16,16],[64,80,16,16],[80,80,16,16],[96,80,16,16],[112,80,16,16],[0,96,16,16],[16,96,16,16],[32,96,16,16],[48,96,16,16],[64,96,16,16],[80,96,16,16],[96,96,16,16],[112,96,16,16]]}}
